SQLDATE,a1,a2,GoldsteinScale
20000104,CHN,TUR,8.0
20000104,TUR,CHN,8.0
20000109,TUR,CHN,8.0
20000109,CHN,TUR,8.0
20000109,TUR,CHN,2.8
20000109,TUR,CHN,8.0
20000109,TUR,CHN,1.9
20000109,CHN,TUR,1.9
20000109,CHN,TUR,8.0
20000109,TUR,CHN,1.9
20000109,TUR,CHN,2.8
20000109,CHN,TUR,1.9
20000109,CHN,TUR,1.9
20000109,TUR,CHN,8.0
20000109,CHN,TUR,2.8
20000109,CHN,TUR,8.0
20000109,CHN,TUR,2.8
20000109,TUR,CHN,2.8
20000120,CHN,TUR,2.8
20000120,TUR,CHN,1.9
20000120,TUR,CHN,1.9
20000120,TUR,CHN,1.9
20000120,CHN,TUR,2.8
20000120,TUR,CHN,1.9
20000120,CHN,TUR,2.8
20000120,CHN,TUR,2.8
20000120,CHN,TUR,2.8
20000120,TUR,CHN,1.9
20000120,CHN,TUR,2.8
20000120,TUR,CHN,1.9
20000120,TUR,CHN,0.0
20000120,CHN,TUR,2.8
20000120,TUR,CHN,0.0
20000120,TUR,CHN,1.9
20000207,CHN,TUR,1.9
20000207,TUR,CHN,2.8
20000207,CHN,TUR,1.9
20000207,TUR,CHN,2.8
20000211,TUR,CHN,1.0
20000211,CHN,TUR,1.0
20000211,CHN,TUR,1.0
20000211,CHN,TUR,8.0
20000211,TUR,CHN,1.0
20000211,CHN,TUR,8.0
20000211,TUR,CHN,8.0
20000211,CHN,TUR,1.0
20000211,TUR,CHN,8.0
20000211,TUR,CHN,1.0
20000213,CHN,TUR,2.8
20000213,TUR,CHN,1.9
20000213,CHN,TUR,2.8
20000213,TUR,CHN,4.0
20000213,CHN,TUR,2.8
20000213,CHN,TUR,2.8
20000213,TUR,CHN,1.9
20000213,CHN,TUR,4.0
20000213,TUR,CHN,4.0
20000213,CHN,TUR,2.8
20000213,CHN,TUR,4.0
20000213,TUR,CHN,1.9
20000213,TUR,CHN,1.9
20000213,TUR,CHN,1.9
20000214,CHN,TUR,8.0
20000214,CHN,TUR,0.4
20000214,CHN,TUR,8.0
20000214,TUR,CHN,0.4
20000214,CHN,TUR,4.0
20000214,CHN,TUR,0.4
20000214,CHN,TUR,4.0
20000214,TUR,CHN,8.0
20000214,TUR,CHN,4.0
20000214,CHN,TUR,8.0
20000214,CHN,TUR,0.0
20000214,CHN,TUR,4.0
20000214,CHN,TUR,4.0
20000214,TUR,CHN,1.0
20000214,TUR,CHN,4.0
20000214,TUR,CHN,8.0
20000214,TUR,CHN,8.0
20000214,TUR,CHN,4.0
20000214,CHN,TUR,0.0
20000214,TUR,CHN,8.0
20000214,CHN,TUR,8.0
20000214,TUR,CHN,1.0
20000214,TUR,CHN,0.4
20000214,CHN,TUR,0.4
20000214,TUR,CHN,4.0
20000214,TUR,CHN,8.0
20000214,TUR,CHN,0.4
20000214,CHN,TUR,4.0
20000214,TUR,CHN,8.0
20000214,CHN,TUR,0.4
20000214,CHN,TUR,1.0
20000214,TUR,CHN,4.0
20000214,TUR,CHN,4.0
20000214,CHN,TUR,4.0
20000214,TUR,CHN,4.0
20000215,TUR,CHN,1.0
20000215,TUR,CHN,1.0
20000215,TUR,CHN,4.0
20000215,TUR,CHN,4.0
20000215,CHN,TUR,1.0
20000215,CHN,TUR,1.0
20000215,TUR,CHN,4.0
20000219,TUR,CHN,4.0
20000219,TUR,CHN,7.0
20000219,CHN,TUR,7.0
20000219,TUR,CHN,4.0
20000219,CHN,TUR,7.0
20000219,TUR,CHN,4.0
20000219,TUR,CHN,7.0
20000221,TUR,CHN,1.9
20000221,TUR,CHN,1.9
20000221,CHN,TUR,2.8
20000221,CHN,TUR,2.8
20000221,TUR,CHN,1.9
20000222,CHN,TUR,3.4
20000222,CHN,TUR,3.0
20000222,CHN,TUR,1.9
20000222,TUR,CHN,2.8
20000222,CHN,TUR,3.4
20000222,CHN,TUR,3.4
20000225,CHN,TUR,0.0
20000225,CHN,TUR,4.0
20000225,CHN,TUR,2.8
20000225,TUR,CHN,1.9
20000225,CHN,TUR,2.8
20000226,TUR,CHN,-4.0
20000226,TUR,CHN,-4.0
20000308,CHN,TUR,4.0
20000308,TUR,CHN,4.0
20000308,TUR,CHN,4.0
20000308,TUR,CHN,4.0
20000308,TUR,CHN,1.0
20000308,TUR,CHN,4.0
20000308,CHN,TUR,4.0
20000308,CHN,TUR,4.0
20000308,TUR,CHN,4.0
20000308,TUR,CHN,1.0
20000308,CHN,TUR,1.0
20000308,CHN,TUR,4.0
20000314,CHN,TUR,1.0
20000314,CHN,TUR,1.0
20000314,TUR,CHN,1.0
20000314,TUR,CHN,1.0
20000330,TUR,CHN,1.0
20000330,CHN,TUR,1.0
20000330,CHN,TUR,1.0
20000330,TUR,CHN,1.0
20000330,CHN,TUR,1.0
20000330,TUR,CHN,1.0
20000405,TUR,CHN,4.0
20000405,TUR,CHN,8.0
20000405,TUR,CHN,4.0
20000405,CHN,TUR,8.0
20000405,TUR,CHN,4.0
20000405,TUR,CHN,8.0
20000405,CHN,TUR,8.0
20000406,TUR,CHN,1.0
20000406,TUR,CHN,1.0
20000406,CHN,TUR,2.8
20000406,TUR,CHN,1.9
20000406,CHN,TUR,1.0
20000406,TUR,CHN,1.0
20000406,CHN,TUR,1.0
20000406,CHN,TUR,1.0
20000406,CHN,TUR,1.0
20000406,CHN,TUR,1.0
20000406,CHN,TUR,3.4
20000407,TUR,CHN,-4.0
20000407,TUR,CHN,-4.0
20000407,TUR,CHN,1.0
20000407,CHN,TUR,1.0
20000407,CHN,TUR,1.0
20000410,CHN,TUR,1.9
20000410,TUR,CHN,2.8
20000410,TUR,CHN,1.9
20000410,CHN,TUR,2.8
20000410,TUR,CHN,1.9
20000412,TUR,CHN,3.4
20000412,TUR,CHN,4.0
20000412,CHN,TUR,-6.5
20000412,TUR,CHN,3.4
20000412,TUR,CHN,4.0
20000412,CHN,TUR,-6.5
20000412,TUR,CHN,4.0
20000412,TUR,CHN,4.0
20000415,CHN,TUR,0.0
20000415,CHN,TUR,0.0
20000416,TUR,CHN,1.0
20000416,TUR,CHN,1.0
20000416,TUR,CHN,1.0
20000416,CHN,TUR,1.0
20000416,CHN,TUR,1.0
20000416,CHN,TUR,1.0
20000416,CHN,TUR,1.0
20000416,TUR,CHN,1.0
20000418,CHN,TUR,1.9
20000418,CHN,TUR,1.9
20000418,CHN,TUR,1.9
20000418,CHN,TUR,1.0
20000418,CHN,TUR,6.4
20000418,TUR,CHN,4.0
20000418,TUR,CHN,3.0
20000418,TUR,CHN,2.8
20000418,TUR,CHN,2.8
20000418,TUR,CHN,2.8
20000418,CHN,TUR,4.0
20000418,CHN,TUR,3.0
20000418,TUR,CHN,3.0
20000418,TUR,CHN,2.8
20000418,TUR,CHN,1.0
20000418,CHN,TUR,4.0
20000418,TUR,CHN,2.8
20000418,CHN,TUR,1.0
20000418,TUR,CHN,2.8
20000418,TUR,CHN,2.8
20000418,CHN,TUR,3.5
20000418,TUR,CHN,4.0
20000418,TUR,CHN,-5.0
20000418,CHN,TUR,1.9
20000418,CHN,TUR,1.9
20000418,TUR,CHN,-2.0
20000418,TUR,CHN,4.0
20000418,CHN,TUR,3.0
20000418,CHN,TUR,1.9
20000418,TUR,CHN,-5.0
20000418,TUR,CHN,2.8
20000418,CHN,TUR,1.9
20000418,CHN,TUR,1.9
20000418,CHN,TUR,1.9
20000418,TUR,CHN,3.4
20000418,CHN,TUR,4.0
20000418,CHN,TUR,1.9
20000418,TUR,CHN,1.0
20000418,TUR,CHN,3.4
20000418,CHN,TUR,1.9
20000418,TUR,CHN,-0.4
20000418,CHN,TUR,1.9
20000418,TUR,CHN,-0.4
20000418,TUR,CHN,-5.0
20000419,TUR,CHN,-2.0
20000419,TUR,CHN,5.2
20000419,CHN,TUR,3.0
20000419,CHN,TUR,0.4
20000419,TUR,CHN,7.0
20000419,TUR,CHN,2.8
20000419,TUR,CHN,5.2
20000419,TUR,CHN,6.4
20000419,TUR,CHN,6.4
20000419,CHN,TUR,0.4
20000419,TUR,CHN,0.0
20000419,CHN,TUR,-5.0
20000419,TUR,CHN,7.0
20000419,CHN,TUR,6.4
20000419,TUR,CHN,2.8
20000419,CHN,TUR,1.9
20000419,TUR,CHN,-2.0
20000419,CHN,TUR,-2.0
20000419,TUR,CHN,-5.0
20000419,CHN,TUR,1.9
20000419,TUR,CHN,7.0
20000419,TUR,CHN,0.0
20000419,TUR,CHN,8.0
20000419,CHN,TUR,4.0
20000419,TUR,CHN,-2.0
20000419,TUR,CHN,7.0
20000419,TUR,CHN,0.0
20000419,CHN,TUR,6.0
20000419,CHN,TUR,3.4
20000419,CHN,TUR,3.5
20000419,CHN,TUR,7.0
20000419,CHN,TUR,1.0
20000419,CHN,TUR,1.9
20000419,TUR,CHN,0.0
20000419,TUR,CHN,4.0
20000419,TUR,CHN,-2.0
20000419,TUR,CHN,7.0
20000419,CHN,TUR,1.9
20000419,CHN,TUR,1.0
20000419,TUR,CHN,5.2
20000419,TUR,CHN,3.4
20000419,CHN,TUR,7.0
20000419,CHN,TUR,3.5
20000419,CHN,TUR,1.9
20000419,CHN,TUR,1.9
20000419,TUR,CHN,3.4
20000419,TUR,CHN,5.2
20000419,CHN,TUR,3.0
20000419,CHN,TUR,3.0
20000419,CHN,TUR,3.5
20000419,CHN,TUR,1.9
20000419,TUR,CHN,2.8
20000419,CHN,TUR,0.0
20000419,TUR,CHN,2.8
20000419,TUR,CHN,4.0
20000419,CHN,TUR,1.9
20000419,TUR,CHN,3.4
20000419,TUR,CHN,3.4
20000419,CHN,TUR,1.9
20000419,CHN,TUR,0.4
20000419,CHN,TUR,6.4
20000419,CHN,TUR,8.0
20000419,CHN,TUR,6.0
20000419,CHN,TUR,4.0
20000419,TUR,CHN,3.5
20000419,CHN,TUR,1.0
20000419,TUR,CHN,2.8
20000419,TUR,CHN,8.0
20000419,TUR,CHN,2.8
20000419,TUR,CHN,2.8
20000419,TUR,CHN,7.0
20000419,CHN,TUR,1.9
20000419,CHN,TUR,4.0
20000419,TUR,CHN,2.8
20000419,TUR,CHN,8.0
20000419,CHN,TUR,1.9
20000419,CHN,TUR,6.0
20000419,CHN,TUR,8.0
20000419,TUR,CHN,5.2
20000419,CHN,TUR,3.0
20000419,TUR,CHN,1.0
20000419,CHN,TUR,-5.0
20000419,TUR,CHN,3.4
20000419,TUR,CHN,7.0
20000419,TUR,CHN,5.2
20000419,TUR,CHN,4.0
20000419,CHN,TUR,6.4
20000419,CHN,TUR,8.0
20000419,TUR,CHN,3.4
20000419,TUR,CHN,2.8
20000419,CHN,TUR,1.9
20000419,CHN,TUR,3.5
20000419,CHN,TUR,8.0
20000419,CHN,TUR,6.0
20000419,TUR,CHN,4.0
20000419,TUR,CHN,4.0
20000419,TUR,CHN,-2.0
20000419,CHN,TUR,3.0
20000419,TUR,CHN,4.0
20000419,CHN,TUR,6.4
20000419,TUR,CHN,0.0
20000419,TUR,CHN,1.0
20000419,TUR,CHN,3.4
20000419,TUR,CHN,4.0
20000419,TUR,CHN,2.8
20000419,CHN,TUR,7.0
20000419,CHN,TUR,1.9
20000419,TUR,CHN,3.4
20000419,CHN,TUR,1.9
20000419,CHN,TUR,1.9
20000419,TUR,CHN,4.0
20000419,TUR,CHN,7.0
20000419,TUR,CHN,4.0
20000419,TUR,CHN,-2.0
20000419,TUR,CHN,8.0
20000419,TUR,CHN,3.0
20000419,TUR,CHN,0.0
20000419,TUR,CHN,1.0
20000419,TUR,CHN,2.8
20000419,TUR,CHN,7.0
20000419,CHN,TUR,1.9
20000419,CHN,TUR,1.9
20000419,TUR,CHN,3.4
20000419,TUR,CHN,4.0
20000419,CHN,TUR,8.0
20000419,CHN,TUR,7.0
20000419,CHN,TUR,3.0
20000419,TUR,CHN,3.0
20000419,CHN,TUR,7.0
20000419,CHN,TUR,6.4
20000419,CHN,TUR,3.0
20000419,TUR,CHN,-5.0
20000419,TUR,CHN,2.8
20000419,TUR,CHN,2.8
20000419,TUR,CHN,-2.0
20000419,TUR,CHN,8.0
20000419,TUR,CHN,-2.0
20000419,CHN,TUR,4.0
20000419,CHN,TUR,1.9
20000419,TUR,CHN,3.5
20000419,TUR,CHN,2.8
20000419,TUR,CHN,4.0
20000419,CHN,TUR,1.9
20000419,CHN,TUR,6.0
20000419,TUR,CHN,0.0
20000419,TUR,CHN,2.8
20000419,TUR,CHN,7.0
20000419,CHN,TUR,7.0
20000419,TUR,CHN,6.4
20000419,TUR,CHN,-2.0
20000420,CHN,TUR,1.9
20000420,TUR,CHN,4.0
20000420,CHN,TUR,4.0
20000420,TUR,CHN,1.0
20000420,TUR,CHN,6.4
20000420,TUR,CHN,2.8
20000420,TUR,CHN,4.0
20000420,CHN,TUR,4.0
20000420,CHN,TUR,4.0
20000420,TUR,CHN,4.0
20000420,TUR,CHN,8.0
20000420,CHN,TUR,8.0
20000420,TUR,CHN,2.8
20000420,CHN,TUR,8.0
20000420,CHN,TUR,8.0
20000420,TUR,CHN,2.8
20000420,TUR,CHN,3.5
20000420,TUR,CHN,8.0
20000420,TUR,CHN,2.8
20000420,TUR,CHN,2.8
20000420,TUR,CHN,4.0
20000420,CHN,TUR,1.9
20000420,TUR,CHN,8.0
20000420,CHN,TUR,8.0
20000420,CHN,TUR,1.9
20000420,TUR,CHN,5.0
20000420,CHN,TUR,1.9
20000420,CHN,TUR,3.0
20000420,TUR,CHN,4.0
20000420,TUR,CHN,2.8
20000420,CHN,TUR,8.0
20000420,TUR,CHN,2.8
20000420,TUR,CHN,8.0
20000420,CHN,TUR,7.0
20000420,CHN,TUR,4.0
20000420,TUR,CHN,7.0
20000420,TUR,CHN,2.8
20000420,TUR,CHN,3.5
20000420,TUR,CHN,2.8
20000420,CHN,TUR,1.9
20000420,TUR,CHN,2.8
20000420,TUR,CHN,3.4
20000420,CHN,TUR,1.9
20000420,CHN,TUR,4.0
20000420,CHN,TUR,2.8
20000420,TUR,CHN,8.0
20000420,CHN,TUR,8.0
20000420,CHN,TUR,1.9
20000420,TUR,CHN,4.0
20000420,CHN,TUR,1.9
20000420,CHN,TUR,2.8
20000420,TUR,CHN,8.0
20000420,CHN,TUR,1.0
20000420,CHN,TUR,1.9
20000420,TUR,CHN,6.4
20000420,TUR,CHN,4.0
20000420,TUR,CHN,2.8
20000420,CHN,TUR,1.9
20000420,TUR,CHN,2.8
20000420,TUR,CHN,1.9
20000420,CHN,TUR,1.9
20000420,CHN,TUR,1.9
20000420,TUR,CHN,4.0
20000420,CHN,TUR,1.9
20000420,TUR,CHN,1.9
20000420,CHN,TUR,4.0
20000420,CHN,TUR,2.8
20000420,TUR,CHN,3.4
20000421,CHN,TUR,1.9
20000421,TUR,CHN,2.8
20000421,CHN,TUR,1.9
20000421,TUR,CHN,2.8
20000421,TUR,CHN,2.8
20000421,CHN,TUR,3.5
20000421,TUR,CHN,2.8
20000421,TUR,CHN,3.4
20000421,CHN,TUR,1.9
20000421,CHN,TUR,1.9
20000421,CHN,TUR,1.9
20000421,CHN,TUR,2.8
20000421,TUR,CHN,2.8
20000421,CHN,TUR,3.4
20000421,TUR,CHN,2.8
20000421,CHN,TUR,1.9
20000421,CHN,TUR,0.0
20000421,CHN,TUR,1.9
20000421,CHN,TUR,1.9
20000421,TUR,CHN,2.8
20000421,TUR,CHN,1.9
20000421,TUR,CHN,1.9
20000421,CHN,TUR,1.9
20000421,CHN,TUR,1.9
20000421,CHN,TUR,1.9
20000421,TUR,CHN,2.8
20000421,TUR,CHN,2.8
20000421,TUR,CHN,2.8
20000421,CHN,TUR,2.8
20000421,CHN,TUR,1.9
20000421,TUR,CHN,2.8
20000421,TUR,CHN,2.8
20000424,TUR,CHN,4.0
20000424,CHN,TUR,2.8
20000424,TUR,CHN,1.9
20000424,CHN,TUR,4.0
20000424,TUR,CHN,4.0
20000424,CHN,TUR,4.0
20000424,TUR,CHN,2.8
20000424,TUR,CHN,4.0
20000424,TUR,CHN,2.8
20000424,TUR,CHN,4.0
20000424,CHN,TUR,4.0
20000424,CHN,TUR,1.9
20000424,CHN,TUR,4.0
20000424,CHN,TUR,2.8
20000424,TUR,CHN,1.9
20000427,TUR,CHN,1.9
20000427,TUR,CHN,1.9
20000427,CHN,TUR,1.9
20000427,TUR,CHN,1.9
20000427,CHN,TUR,1.9
20000427,CHN,TUR,1.9
20000427,TUR,CHN,2.8
20000427,TUR,CHN,2.8
20000427,CHN,TUR,2.8
20000427,TUR,CHN,2.8
20000427,CHN,TUR,2.8
20000427,CHN,TUR,2.8
20000501,CHN,TUR,8.0
20000501,CHN,TUR,1.9
20000501,CHN,TUR,1.9
20000501,CHN,TUR,1.9
20000501,CHN,TUR,1.9
20000501,CHN,TUR,8.0
20000501,TUR,CHN,2.8
20000501,TUR,CHN,8.0
20000501,TUR,CHN,2.8
20000501,TUR,CHN,8.0
20000501,CHN,TUR,1.9
20000501,CHN,TUR,8.0
20000501,TUR,CHN,8.0
20000501,TUR,CHN,2.8
20000501,TUR,CHN,2.8
20000501,TUR,CHN,2.8
20000517,CHN,TUR,2.8
20000517,TUR,CHN,1.9
20000517,TUR,CHN,1.9
20000517,CHN,TUR,2.8
20000517,CHN,TUR,2.8
20000521,TUR,CHN,2.8
20000521,TUR,CHN,2.8
20000521,CHN,TUR,1.9
20000521,CHN,TUR,1.9
20000525,CHN,TUR,1.9
20000525,TUR,CHN,2.8
20000525,CHN,TUR,1.9
20000609,TUR,CHN,1.9
20000609,CHN,TUR,2.8
20000609,TUR,CHN,1.0
20000609,TUR,CHN,1.0
20000609,CHN,TUR,1.0
20000609,CHN,TUR,1.0
20000613,TUR,CHN,1.9
20000613,TUR,CHN,6.0
20000613,CHN,TUR,4.0
20000613,TUR,CHN,4.0
20000613,CHN,TUR,2.8
20000621,TUR,CHN,-9.5
20000621,TUR,CHN,2.8
20000621,CHN,TUR,1.9
20000715,TUR,CHN,-10.0
20000809,TUR,CHN,-5.0
20000809,TUR,CHN,-5.0
20000814,TUR,CHN,-10.0
20000906,CHN,TUR,2.8
20000906,TUR,CHN,1.0
20000906,TUR,CHN,4.0
20000906,CHN,TUR,1.9
20000906,TUR,CHN,4.0
20000906,TUR,CHN,1.9
20000906,CHN,TUR,1.9
20000906,CHN,TUR,7.0
20000906,CHN,TUR,2.8
20000906,TUR,CHN,7.0
20000906,TUR,CHN,7.0
20000906,CHN,TUR,1.0
20000906,CHN,TUR,7.0
20000906,CHN,TUR,4.0
20000906,TUR,CHN,2.8
20000906,TUR,CHN,2.8
20000906,CHN,TUR,4.0
20000906,TUR,CHN,4.0
20000906,CHN,TUR,1.0
20000906,CHN,TUR,7.0
20000906,CHN,TUR,7.0
20000906,CHN,TUR,1.0
20000906,TUR,CHN,1.9
20000906,CHN,TUR,7.0
20000906,CHN,TUR,4.0
20000910,CHN,TUR,7.0
20000910,TUR,CHN,2.8
20000910,TUR,CHN,1.0
20000910,CHN,TUR,1.0
20000910,CHN,TUR,7.0
20000910,TUR,CHN,3.4
20000910,CHN,TUR,1.0
20000910,TUR,CHN,1.0
20000910,TUR,CHN,2.8
20000910,TUR,CHN,1.0
20000910,TUR,CHN,1.0
20000910,CHN,TUR,1.0
20000910,CHN,TUR,1.0
20000910,CHN,TUR,1.0
20000910,CHN,TUR,1.9
20000910,TUR,CHN,1.0
20000910,TUR,CHN,1.0
20000910,TUR,CHN,1.0
20000910,CHN,TUR,1.0
20000910,TUR,CHN,1.0
20000910,CHN,TUR,1.0
20000910,CHN,TUR,7.0
20000910,TUR,CHN,3.4
20000910,TUR,CHN,7.0
20000910,CHN,TUR,1.0
20000910,CHN,TUR,1.0
20000910,CHN,TUR,1.0
20000910,TUR,CHN,7.0
20000910,TUR,CHN,7.0
20000910,CHN,TUR,1.0
20000910,TUR,CHN,1.0
20000911,CHN,TUR,8.3
20000911,CHN,TUR,2.8
20000911,CHN,TUR,2.8
20000911,CHN,TUR,1.9
20000911,TUR,CHN,0.0
20000911,TUR,CHN,2.8
20000911,CHN,TUR,1.9
20000911,TUR,CHN,2.8
20000911,CHN,TUR,3.0
20000911,CHN,TUR,2.8
20000911,TUR,CHN,1.9
20000911,CHN,TUR,3.4
20000911,TUR,CHN,0.0
20000911,CHN,TUR,1.9
20000911,TUR,CHN,1.9
20000911,TUR,CHN,2.8
20000911,CHN,TUR,6.4
20000911,TUR,CHN,1.9
20000911,CHN,TUR,2.8
20000911,TUR,CHN,0.0
20000923,CHN,TUR,5.0
20000923,CHN,TUR,6.0
20000930,CHN,TUR,4.0
20000930,CHN,TUR,4.0
20001023,TUR,CHN,6.0
20001023,TUR,CHN,6.0
20001025,CHN,TUR,7.0
20001025,TUR,CHN,2.8
20001025,TUR,CHN,7.0
20001025,TUR,CHN,3.5
20001025,TUR,CHN,2.8
20001025,TUR,CHN,4.0
20001025,CHN,TUR,7.0
20001025,CHN,TUR,1.9
20001025,CHN,TUR,3.5
20001025,CHN,TUR,7.0
20001025,TUR,CHN,3.5
20001025,CHN,TUR,7.0
20001025,TUR,CHN,3.5
20001025,TUR,CHN,7.0
20001025,CHN,TUR,1.9
20001025,TUR,CHN,4.0
20001025,TUR,CHN,2.8
20001025,CHN,TUR,1.9
20001025,CHN,TUR,3.5
20001025,CHN,TUR,7.0
20001025,TUR,CHN,2.8
20001025,CHN,TUR,1.9
20001025,CHN,TUR,3.5
20001025,CHN,TUR,7.0
20001027,CHN,TUR,1.9
20001027,TUR,CHN,2.8
20001029,CHN,TUR,0.0
20001029,TUR,CHN,1.9
20001029,CHN,TUR,1.9
20001029,TUR,CHN,1.9
20001029,TUR,CHN,1.9
20001029,TUR,CHN,3.5
20001029,CHN,TUR,1.9
20001029,CHN,TUR,2.8
20001029,TUR,CHN,2.8
20001029,CHN,TUR,0.0
20001029,TUR,CHN,2.8
20001029,TUR,CHN,1.9
20001029,TUR,CHN,3.5
20001029,CHN,TUR,2.8
20001029,TUR,CHN,2.8
20001029,TUR,CHN,3.5
20001029,CHN,TUR,2.8
20001029,CHN,TUR,2.8
20001029,TUR,CHN,2.8
20001029,CHN,TUR,1.9
20001029,CHN,TUR,1.9
20001029,TUR,CHN,3.5
20001029,CHN,TUR,0.0
20001030,CHN,TUR,2.8
20001030,TUR,CHN,4.0
20001030,CHN,TUR,3.4
20001030,CHN,TUR,2.8
20001030,CHN,TUR,3.4
20001030,TUR,CHN,4.0
20001031,TUR,CHN,2.8
20001031,TUR,CHN,3.4
20001031,TUR,CHN,2.8
20001031,CHN,TUR,1.9
20001031,TUR,CHN,3.4
20001031,TUR,CHN,2.8
20001123,CHN,TUR,0.0
20001123,CHN,TUR,0.0
20001204,TUR,CHN,7.0
20001204,TUR,CHN,7.0
20001204,TUR,CHN,7.0
20001204,TUR,CHN,7.0
20001204,TUR,CHN,6.0
20001204,CHN,TUR,-4.0
20001204,CHN,TUR,-4.0
20001204,TUR,CHN,7.0
20001204,CHN,TUR,7.0
20001204,CHN,TUR,-4.0
20001204,CHN,TUR,-4.0
20001204,CHN,TUR,7.0
20001204,TUR,CHN,-4.0
20001204,TUR,CHN,0.0
20001204,TUR,CHN,0.0
20001204,CHN,TUR,-4.0
20001204,CHN,TUR,7.0
20001204,TUR,CHN,6.0
20001204,CHN,TUR,7.0
20001204,CHN,TUR,7.0
20001204,CHN,TUR,-4.0
20001208,TUR,CHN,-6.5
20001208,TUR,CHN,-6.5
20001208,TUR,CHN,-6.5
20001215,TUR,CHN,1.0
20001215,CHN,TUR,1.0
20001228,CHN,TUR,4.0
20010103,CHN,TUR,4.0
20010103,TUR,CHN,4.0
20010106,CHN,TUR,1.9
20010106,CHN,TUR,-5.0
20010106,TUR,CHN,2.8
20010106,CHN,TUR,-5.0
20010106,CHN,TUR,-5.0
20010108,TUR,CHN,1.0
20010108,CHN,TUR,7.0
20010108,CHN,TUR,7.0
20010108,TUR,CHN,7.0
20010108,TUR,CHN,3.5
20010108,TUR,CHN,0.4
20010108,TUR,CHN,8.0
20010108,CHN,TUR,1.0
20010108,CHN,TUR,3.5
20010108,TUR,CHN,8.0
20010108,TUR,CHN,1.0
20010108,TUR,CHN,8.0
20010108,TUR,CHN,3.5
20010108,TUR,CHN,8.0
20010108,CHN,TUR,8.0
20010108,TUR,CHN,7.0
20010108,CHN,TUR,8.0
20010108,TUR,CHN,0.0
20010108,TUR,CHN,8.0
20010108,TUR,CHN,8.0
20010108,TUR,CHN,7.0
20010108,TUR,CHN,7.0
20010108,CHN,TUR,8.0
20010108,TUR,CHN,7.0
20010108,TUR,CHN,7.0
20010108,CHN,TUR,3.0
20010108,CHN,TUR,8.0
20010108,TUR,CHN,3.5
20010108,TUR,CHN,6.4
20010108,TUR,CHN,8.0
20010108,TUR,CHN,7.0
20010108,TUR,CHN,8.0
20010108,TUR,CHN,3.5
20010108,CHN,TUR,1.0
20010108,CHN,TUR,3.5
20010108,TUR,CHN,3.5
20010108,TUR,CHN,6.4
20010108,CHN,TUR,-5.0
20010108,TUR,CHN,8.0
20010108,TUR,CHN,1.0
20010108,CHN,TUR,3.5
20010108,CHN,TUR,8.0
20010108,CHN,TUR,7.0
20010108,CHN,TUR,1.0
20010108,TUR,CHN,6.4
20010108,TUR,CHN,7.0
20010108,CHN,TUR,3.0
20010108,CHN,TUR,7.0
20010108,TUR,CHN,7.0
20010108,TUR,CHN,3.4
20010108,TUR,CHN,4.0
20010108,CHN,TUR,8.0
20010108,CHN,TUR,7.0
20010108,TUR,CHN,8.0
20010108,TUR,CHN,6.4
20010108,TUR,CHN,3.5
20010108,CHN,TUR,8.0
20010108,TUR,CHN,6.4
20010108,CHN,TUR,7.0
20010108,TUR,CHN,6.4
20010108,CHN,TUR,7.0
20010108,TUR,CHN,8.0
20010108,TUR,CHN,0.0
20010108,TUR,CHN,8.0
20010108,CHN,TUR,8.0
20010108,CHN,TUR,3.0
20010108,TUR,CHN,3.4
20010108,TUR,CHN,3.5
20010108,TUR,CHN,0.4
20010108,CHN,TUR,6.4
20010108,CHN,TUR,6.4
20010108,TUR,CHN,3.5
20010108,TUR,CHN,0.0
20010108,TUR,CHN,5.2
20010108,CHN,TUR,7.0
20010108,CHN,TUR,8.0
20010108,CHN,TUR,6.4
20010108,TUR,CHN,7.0
20010108,CHN,TUR,6.4
20010108,TUR,CHN,8.0
20010108,CHN,TUR,7.0
20010108,CHN,TUR,6.4
20010108,CHN,TUR,8.0
20010108,CHN,TUR,-5.0
20010108,CHN,TUR,1.0
20010108,CHN,TUR,7.0
20010108,CHN,TUR,6.4
20010108,TUR,CHN,0.4
20010109,TUR,CHN,7.0
20010109,CHN,TUR,1.9
20010109,TUR,CHN,7.0
20010109,CHN,TUR,0.4
20010109,CHN,TUR,7.0
20010109,CHN,TUR,7.0
20010109,TUR,CHN,4.0
20010109,CHN,TUR,7.0
20010109,TUR,CHN,7.0
20010109,TUR,CHN,7.0
20010109,CHN,TUR,7.0
20010109,TUR,CHN,4.0
20010109,TUR,CHN,2.8
20010109,CHN,TUR,0.4
20010109,CHN,TUR,1.9
20010109,CHN,TUR,0.4
20010115,TUR,CHN,0.0
20010115,TUR,CHN,0.0
20010115,TUR,CHN,0.0
20010115,TUR,CHN,0.0
20010116,CHN,TUR,8.0
20010116,TUR,CHN,8.0
20010116,CHN,TUR,8.0
20010116,TUR,CHN,8.0
20010118,TUR,CHN,2.8
20010118,CHN,TUR,1.9
20010118,TUR,CHN,2.8
20010119,CHN,TUR,1.9
20010119,TUR,CHN,0.4
20010119,TUR,CHN,0.4
20010119,TUR,CHN,2.8
20010126,CHN,TUR,6.4
20010126,CHN,TUR,6.4
20010130,CHN,TUR,5.2
20010131,CHN,TUR,1.0
20010131,CHN,TUR,6.0
20010131,CHN,TUR,6.0
20010131,CHN,TUR,6.0
20010202,CHN,TUR,2.8
20010202,TUR,CHN,1.9
20010202,CHN,TUR,2.8
20010202,TUR,CHN,1.9
20010209,CHN,TUR,1.9
20010209,TUR,CHN,2.8
20010209,CHN,TUR,1.9
20010209,TUR,CHN,2.8
20010217,TUR,CHN,4.0
20010217,TUR,CHN,4.0
20010223,CHN,TUR,4.0
20010223,TUR,CHN,4.0
20010223,CHN,TUR,3.4
20010225,CHN,TUR,5.0
20010225,CHN,TUR,5.0
20010225,CHN,TUR,-4.0
20010225,TUR,CHN,-4.0
20010225,TUR,CHN,5.0
20010313,CHN,TUR,4.0
20010313,CHN,TUR,2.8
20010313,TUR,CHN,4.0
20010313,TUR,CHN,4.0
20010313,TUR,CHN,1.9
20010313,TUR,CHN,1.9
20010313,TUR,CHN,1.9
20010313,CHN,TUR,4.0
20010313,CHN,TUR,2.8
20010313,CHN,TUR,4.0
20010313,TUR,CHN,4.0
20010313,CHN,TUR,4.0
20010313,TUR,CHN,4.0
20010411,CHN,TUR,1.9
20010411,CHN,TUR,1.9
20010411,TUR,CHN,2.8
20010411,CHN,TUR,3.4
20010411,TUR,CHN,2.8
20010411,TUR,CHN,1.9
20010411,TUR,CHN,2.8
20010411,CHN,TUR,3.4
20010411,TUR,CHN,1.9
20010411,CHN,TUR,1.9
20010411,CHN,TUR,2.8
20010411,CHN,TUR,2.8
20010413,TUR,CHN,4.0
20010413,TUR,CHN,4.0
20010413,TUR,CHN,4.0
20010413,CHN,TUR,2.8
20010413,CHN,TUR,4.0
20010413,CHN,TUR,2.8
20010413,TUR,CHN,1.9
20010413,TUR,CHN,4.0
20010413,TUR,CHN,1.9
20010413,CHN,TUR,4.0
20010413,CHN,TUR,4.0
20010413,CHN,TUR,4.0
20010413,TUR,CHN,1.9
20010415,TUR,CHN,5.0
20010415,TUR,CHN,5.0
20010416,TUR,CHN,5.0
20010428,CHN,TUR,1.9
20010428,CHN,TUR,1.9
20010428,CHN,TUR,1.0
20010428,TUR,CHN,2.8
20010428,CHN,TUR,4.0
20010428,CHN,TUR,1.0
20010428,TUR,CHN,2.8
20010428,TUR,CHN,7.4
20010428,CHN,TUR,1.9
20010428,TUR,CHN,1.0
20010428,TUR,CHN,7.4
20010428,TUR,CHN,2.8
20010428,CHN,TUR,3.4
20010428,TUR,CHN,1.0
20010428,CHN,TUR,1.9
20010428,TUR,CHN,4.0
20010428,TUR,CHN,2.8
20010428,CHN,TUR,1.9
20010428,CHN,TUR,4.0
20010428,CHN,TUR,4.0
20010428,CHN,TUR,1.9
20010428,TUR,CHN,4.0
20010428,CHN,TUR,1.9
20010428,CHN,TUR,1.9
20010428,TUR,CHN,2.8
20010428,TUR,CHN,2.8
20010430,CHN,TUR,1.0
20010430,TUR,CHN,2.8
20010430,TUR,CHN,3.4
20010430,CHN,TUR,1.9
20010430,TUR,CHN,1.0
20010430,TUR,CHN,2.8
20010430,CHN,TUR,3.0
20010430,CHN,TUR,1.9
20010430,TUR,CHN,2.8
20010430,TUR,CHN,2.8
20010430,TUR,CHN,0.4
20010430,CHN,TUR,1.0
20010430,TUR,CHN,0.4
20010430,TUR,CHN,2.8
20010430,TUR,CHN,2.8
20010430,TUR,CHN,2.8
20010430,TUR,CHN,3.4
20010430,TUR,CHN,3.4
20010430,CHN,TUR,1.9
20010430,CHN,TUR,1.9
20010430,CHN,TUR,1.9
20010430,TUR,CHN,2.8
20010430,CHN,TUR,3.0
20010430,TUR,CHN,0.4
20010430,CHN,TUR,0.0
20010430,CHN,TUR,1.0
20010430,TUR,CHN,1.0
20010430,CHN,TUR,1.9
20010430,TUR,CHN,2.8
20010430,CHN,TUR,1.0
20010501,CHN,TUR,1.0
20010501,TUR,CHN,7.0
20010501,TUR,CHN,1.0
20010501,CHN,TUR,7.0
20010501,CHN,TUR,7.0
20010501,CHN,TUR,3.4
20010501,CHN,TUR,1.9
20010501,CHN,TUR,1.0
20010501,TUR,CHN,1.0
20010501,CHN,TUR,3.4
20010501,CHN,TUR,1.9
20010501,CHN,TUR,1.0
20010501,TUR,CHN,7.0
20010501,TUR,CHN,7.0
20010501,CHN,TUR,1.0
20010501,CHN,TUR,2.8
20010501,TUR,CHN,7.0
20010501,CHN,TUR,1.0
20010501,TUR,CHN,2.8
20010501,CHN,TUR,1.0
20010501,CHN,TUR,7.0
20010501,TUR,CHN,3.0
20010501,TUR,CHN,1.0
20010501,CHN,TUR,7.0
20010501,CHN,TUR,1.0
20010501,CHN,TUR,2.8
20010501,CHN,TUR,1.0
20010501,CHN,TUR,7.0
20010501,TUR,CHN,1.0
20010501,TUR,CHN,1.0
20010501,TUR,CHN,3.5
20010501,TUR,CHN,1.0
20010501,CHN,TUR,7.0
20010501,TUR,CHN,3.5
20010501,TUR,CHN,1.0
20010501,TUR,CHN,1.0
20010501,CHN,TUR,7.0
20010501,CHN,TUR,3.4
20010501,TUR,CHN,7.0
20010501,TUR,CHN,3.0
20010501,CHN,TUR,1.9
20010501,TUR,CHN,7.0
20010501,CHN,TUR,1.0
20010501,TUR,CHN,7.0
20010501,CHN,TUR,1.0
20010501,TUR,CHN,1.0
20010501,TUR,CHN,2.8
20010501,TUR,CHN,1.9
20010501,CHN,TUR,1.0
20010502,TUR,CHN,4.0
20010502,CHN,TUR,3.5
20010502,TUR,CHN,3.4
20010502,TUR,CHN,3.4
20010502,TUR,CHN,4.0
20010502,TUR,CHN,4.0
20010502,CHN,TUR,3.5
20010502,TUR,CHN,1.0
20010502,CHN,TUR,1.0
20010502,TUR,CHN,4.0
20010502,CHN,TUR,3.5
20010502,CHN,TUR,3.0
20010502,TUR,CHN,3.4
20010503,CHN,TUR,5.2
20010503,CHN,TUR,5.2
20010503,CHN,TUR,3.5
20010503,CHN,TUR,-2.0
20010503,CHN,TUR,3.5
20010503,CHN,TUR,-2.0
20010509,TUR,CHN,0.0
20010509,TUR,CHN,0.0
20010510,CHN,TUR,1.9
20010510,TUR,CHN,2.8
20010510,CHN,TUR,1.9
20010510,TUR,CHN,2.8
20010514,TUR,CHN,0.0
20010514,TUR,CHN,0.0
20010604,CHN,TUR,0.0
20010604,CHN,TUR,2.8
20010604,TUR,CHN,3.4
20010604,TUR,CHN,3.4
20010604,CHN,TUR,0.0
20010604,CHN,TUR,2.8
20010604,TUR,CHN,1.9
20010604,TUR,CHN,-5.0
20010604,CHN,TUR,2.8
20010604,TUR,CHN,2.5
20010604,TUR,CHN,1.9
20010604,TUR,CHN,1.9
20010607,CHN,TUR,1.0
20010607,CHN,TUR,1.0
20010607,TUR,CHN,2.8
20010607,TUR,CHN,2.8
20010607,TUR,CHN,2.8
20010607,CHN,TUR,1.0
20010607,TUR,CHN,0.0
20010607,TUR,CHN,1.9
20010607,TUR,CHN,2.8
20010607,CHN,TUR,1.0
20010607,CHN,TUR,1.9
20010607,TUR,CHN,2.8
20010607,CHN,TUR,4.0
20010607,CHN,TUR,1.9
20010607,CHN,TUR,1.9
20010607,CHN,TUR,1.9
20010607,CHN,TUR,1.9
20010607,CHN,TUR,1.9
20010607,TUR,CHN,4.0
20010607,TUR,CHN,2.8
20010607,TUR,CHN,4.0
20010607,CHN,TUR,2.8
20010607,TUR,CHN,0.0
20010607,TUR,CHN,0.0
20010608,CHN,TUR,2.8
20010608,CHN,TUR,2.8
20010608,TUR,CHN,1.0
20010608,TUR,CHN,1.0
20010608,TUR,CHN,1.9
20010608,CHN,TUR,1.0
20010608,TUR,CHN,1.9
20010617,TUR,CHN,3.0
20010617,TUR,CHN,3.0
20010617,TUR,CHN,3.0
20010714,TUR,CHN,1.0
20010714,CHN,TUR,1.9
20010714,TUR,CHN,2.8
20010714,CHN,TUR,1.0
20010803,TUR,CHN,-4.0
20010803,TUR,CHN,-4.0
20010803,TUR,CHN,-5.0
20010824,CHN,TUR,2.8
20010824,TUR,CHN,4.0
20010824,CHN,TUR,4.0
20010824,TUR,CHN,4.0
20010824,TUR,CHN,1.9
20010824,TUR,CHN,1.9
20010824,CHN,TUR,2.8
20010824,CHN,TUR,4.0
20010825,CHN,TUR,0.4
20010825,CHN,TUR,0.4
20010825,CHN,TUR,0.4
20010826,TUR,CHN,1.9
20010826,TUR,CHN,1.9
20010826,CHN,TUR,2.8
20010826,TUR,CHN,1.9
20010826,CHN,TUR,2.8
20010829,CHN,TUR,3.0
20010829,CHN,TUR,5.0
20010829,CHN,TUR,5.0
20010829,TUR,CHN,5.0
20010829,CHN,TUR,3.0
20010829,TUR,CHN,3.0
20010906,TUR,CHN,3.0
20010907,CHN,TUR,5.2
20010907,TUR,CHN,5.2
20010907,CHN,TUR,7.4
20010907,CHN,TUR,5.2
20010907,CHN,TUR,7.4
20010907,TUR,CHN,7.4
20010909,CHN,TUR,3.0
20010928,TUR,CHN,1.0
20010928,TUR,CHN,1.0
20010928,CHN,TUR,1.0
20011005,TUR,CHN,7.0
20011005,CHN,TUR,0.0
20011005,CHN,TUR,-0.4
20011005,TUR,CHN,7.0
20011005,CHN,TUR,0.0
20011005,TUR,CHN,7.0
20011005,CHN,TUR,-0.4
20011005,TUR,CHN,7.0
20011009,TUR,CHN,3.4
20011009,TUR,CHN,3.4
20011009,CHN,TUR,-5.0
20011009,CHN,TUR,-5.0
20011016,CHN,TUR,3.5
20011016,TUR,CHN,3.5
20011016,CHN,TUR,3.5
20011016,CHN,TUR,3.5
20011016,TUR,CHN,3.5
20011016,TUR,CHN,3.5
20011101,CHN,TUR,3.5
20011101,CHN,TUR,3.5
20011101,TUR,CHN,3.5
20011101,TUR,CHN,3.5
20011101,TUR,CHN,3.5
20011101,CHN,TUR,3.5
20011103,TUR,CHN,5.0
20011103,CHN,TUR,3.2
20011103,TUR,CHN,5.0
20011104,TUR,CHN,5.0
20011104,TUR,CHN,5.0
20011105,TUR,CHN,5.0
20011105,TUR,CHN,5.0
20011106,TUR,CHN,5.0
20011106,TUR,CHN,5.0
20011106,TUR,CHN,5.0
20011113,CHN,TUR,1.0
20011113,TUR,CHN,1.0
20011113,TUR,CHN,1.0
20011113,CHN,TUR,1.0
20011113,CHN,TUR,1.0
20011130,TUR,CHN,4.0
20011130,TUR,CHN,-10.0
20011130,TUR,CHN,4.0
20011130,TUR,CHN,4.0
20011211,TUR,CHN,6.4
20011211,TUR,CHN,6.4
20011214,CHN,TUR,7.0
20011214,TUR,CHN,7.0
20011214,TUR,CHN,7.0
20011214,TUR,CHN,4.0
20011214,TUR,CHN,7.0
20011214,TUR,CHN,7.0
20011214,TUR,CHN,1.9
20011214,CHN,TUR,2.8
20011214,CHN,TUR,7.0
20011214,CHN,TUR,8.0
20011214,TUR,CHN,8.0
20011214,TUR,CHN,1.9
20011214,CHN,TUR,2.8
20011214,TUR,CHN,8.0
20011214,TUR,CHN,4.0
20011214,CHN,TUR,-5.0
20011223,TUR,CHN,2.8
20011223,CHN,TUR,1.9
20011223,TUR,CHN,2.8
20011223,CHN,TUR,1.9
20020101,TUR,CHN,6.4
20020120,CHN,TUR,6.4
20020120,TUR,CHN,6.4
20020120,CHN,TUR,6.4
20020120,TUR,CHN,6.4
20020121,CHN,TUR,-10.0
20020121,CHN,TUR,-10.0
20020121,CHN,TUR,-10.0
20020127,TUR,CHN,1.9
20020127,CHN,TUR,2.8
20020127,TUR,CHN,1.9
20020317,TUR,CHN,2.8
20020317,CHN,TUR,1.9
20020317,TUR,CHN,2.8
20020317,CHN,TUR,1.9
20020317,CHN,TUR,1.9
20020317,TUR,CHN,2.8
20020401,CHN,TUR,4.0
20020401,CHN,TUR,4.0
20020402,CHN,TUR,4.0
20020402,CHN,TUR,4.0
20020402,CHN,TUR,4.0
20020405,CHN,TUR,1.0
20020405,CHN,TUR,4.0
20020405,CHN,TUR,1.0
20020405,CHN,TUR,4.0
20020405,TUR,CHN,1.0
20020405,CHN,TUR,1.0
20020405,TUR,CHN,1.0
20020405,CHN,TUR,1.0
20020405,CHN,TUR,1.0
20020405,CHN,TUR,1.0
20020405,TUR,CHN,1.0
20020410,TUR,CHN,4.0
20020410,CHN,TUR,1.9
20020410,TUR,CHN,2.8
20020410,CHN,TUR,1.9
20020410,CHN,TUR,4.0
20020411,TUR,CHN,6.4
20020411,TUR,CHN,6.4
20020411,TUR,CHN,4.0
20020411,TUR,CHN,6.4
20020415,TUR,CHN,-0.4
20020415,CHN,TUR,1.9
20020415,CHN,TUR,1.9
20020415,CHN,TUR,1.9
20020415,CHN,TUR,1.9
20020415,TUR,CHN,3.4
20020415,TUR,CHN,2.8
20020415,TUR,CHN,1.0
20020415,CHN,TUR,-5.0
20020415,CHN,TUR,1.9
20020415,TUR,CHN,2.8
20020415,TUR,CHN,-0.4
20020415,CHN,TUR,1.9
20020415,CHN,TUR,1.0
20020415,TUR,CHN,2.8
20020415,CHN,TUR,1.9
20020415,CHN,TUR,1.9
20020415,CHN,TUR,1.0
20020415,CHN,TUR,1.9
20020415,CHN,TUR,1.9
20020415,CHN,TUR,4.0
20020415,TUR,CHN,-0.4
20020415,TUR,CHN,2.8
20020415,TUR,CHN,-2.0
20020415,TUR,CHN,2.8
20020415,CHN,TUR,-5.0
20020415,CHN,TUR,4.0
20020415,CHN,TUR,1.9
20020415,CHN,TUR,-5.0
20020415,TUR,CHN,-0.4
20020415,TUR,CHN,2.8
20020416,TUR,CHN,3.5
20020416,CHN,TUR,-5.0
20020416,TUR,CHN,7.0
20020416,TUR,CHN,3.5
20020416,CHN,TUR,8.0
20020416,CHN,TUR,3.0
20020416,CHN,TUR,7.0
20020416,CHN,TUR,8.0
20020416,TUR,CHN,1.0
20020416,CHN,TUR,1.9
20020416,CHN,TUR,1.9
20020416,TUR,CHN,3.5
20020416,CHN,TUR,7.0
20020416,TUR,CHN,3.4
20020416,CHN,TUR,0.4
20020416,CHN,TUR,3.5
20020416,CHN,TUR,7.0
20020416,CHN,TUR,1.9
20020416,TUR,CHN,7.0
20020416,CHN,TUR,3.5
20020416,CHN,TUR,8.0
20020416,TUR,CHN,-0.4
20020416,TUR,CHN,2.8
20020416,TUR,CHN,8.0
20020416,CHN,TUR,3.5
20020416,CHN,TUR,0.0
20020416,TUR,CHN,3.5
20020416,CHN,TUR,3.4
20020416,TUR,CHN,-6.5
20020416,TUR,CHN,-2.0
20020416,CHN,TUR,7.0
20020416,CHN,TUR,-6.5
20020416,TUR,CHN,-6.5
20020416,TUR,CHN,-0.4
20020416,TUR,CHN,8.0
20020416,TUR,CHN,3.4
20020416,CHN,TUR,3.4
20020416,CHN,TUR,8.0
20020416,CHN,TUR,1.9
20020416,TUR,CHN,3.5
20020416,CHN,TUR,3.5
20020416,TUR,CHN,-6.5
20020416,TUR,CHN,7.0
20020416,CHN,TUR,1.9
20020416,TUR,CHN,-6.5
20020416,TUR,CHN,2.8
20020416,TUR,CHN,8.0
20020416,TUR,CHN,8.0
20020416,CHN,TUR,4.0
20020416,CHN,TUR,1.0
20020416,CHN,TUR,-5.0
20020416,CHN,TUR,1.9
20020416,TUR,CHN,1.0
20020416,CHN,TUR,4.0
20020416,CHN,TUR,0.0
20020416,TUR,CHN,2.8
20020416,CHN,TUR,3.4
20020416,CHN,TUR,0.4
20020416,CHN,TUR,4.0
20020416,TUR,CHN,-6.5
20020416,CHN,TUR,0.4
20020416,CHN,TUR,3.5
20020416,CHN,TUR,7.0
20020416,TUR,CHN,-0.4
20020416,TUR,CHN,-6.5
20020416,TUR,CHN,4.0
20020416,TUR,CHN,3.5
20020416,CHN,TUR,-6.5
20020416,CHN,TUR,4.0
20020416,CHN,TUR,3.4
20020416,TUR,CHN,2.8
20020416,CHN,TUR,8.0
20020416,CHN,TUR,3.5
20020416,TUR,CHN,4.0
20020416,TUR,CHN,6.4
20020416,CHN,TUR,3.0
20020416,TUR,CHN,2.8
20020416,CHN,TUR,3.4
20020416,TUR,CHN,2.8
20020416,CHN,TUR,6.4
20020416,CHN,TUR,7.0
20020416,CHN,TUR,3.4
20020416,TUR,CHN,2.8
20020416,CHN,TUR,1.9
20020416,TUR,CHN,8.0
20020416,CHN,TUR,3.4
20020417,TUR,CHN,2.8
20020417,CHN,TUR,1.9
20020417,CHN,TUR,1.9
20020417,TUR,CHN,2.8
20020417,TUR,CHN,2.8
20020417,TUR,CHN,2.8
20020417,TUR,CHN,2.8
20020417,CHN,TUR,1.9
20020417,CHN,TUR,1.9
20020418,CHN,TUR,7.0
20020418,TUR,CHN,7.0
20020418,TUR,CHN,7.0
20020418,TUR,CHN,0.4
20020418,TUR,CHN,3.4
20020418,CHN,TUR,7.0
20020418,TUR,CHN,3.4
20020418,CHN,TUR,7.0
20020418,CHN,TUR,7.0
20020419,CHN,TUR,2.8
20020419,TUR,CHN,2.8
20020419,CHN,TUR,1.9
20020419,CHN,TUR,1.9
20020419,CHN,TUR,1.0
20020419,CHN,TUR,3.4
20020419,TUR,CHN,2.8
20020419,CHN,TUR,1.9
20020419,TUR,CHN,3.4
20020419,CHN,TUR,1.9
20020419,CHN,TUR,2.8
20020419,CHN,TUR,1.9
20020419,TUR,CHN,1.0
20020419,CHN,TUR,1.9
20020419,CHN,TUR,2.8
20020419,CHN,TUR,1.9
20020419,TUR,CHN,1.9
20020419,CHN,TUR,1.9
20020419,CHN,TUR,3.4
20020419,TUR,CHN,2.8
20020419,TUR,CHN,1.9
20020419,TUR,CHN,1.0
20020419,TUR,CHN,2.8
20020419,CHN,TUR,2.8
20020419,TUR,CHN,2.8
20020419,TUR,CHN,1.9
20020419,TUR,CHN,2.8
20020419,TUR,CHN,3.4
20020419,TUR,CHN,2.8
20020419,CHN,TUR,1.0
20020419,TUR,CHN,1.0
20020419,TUR,CHN,1.9
20020419,CHN,TUR,3.0
20020419,TUR,CHN,2.8
20020419,CHN,TUR,1.9
20020419,TUR,CHN,2.8
20020419,CHN,TUR,2.8
20020421,TUR,CHN,2.5
20020421,CHN,TUR,2.5
20020427,TUR,CHN,2.8
20020427,CHN,TUR,1.9
20020515,CHN,TUR,4.0
20020515,CHN,TUR,4.0
20020515,CHN,TUR,4.0
20020515,CHN,TUR,4.0
20020524,CHN,TUR,0.4
20020526,TUR,CHN,1.9
20020526,CHN,TUR,2.8
20020526,CHN,TUR,2.8
20020526,TUR,CHN,1.9
20020526,CHN,TUR,2.8
20020526,TUR,CHN,1.9
20020526,CHN,TUR,2.8
20020528,CHN,TUR,1.0
20020528,CHN,TUR,1.0
20020528,CHN,TUR,1.0
20020528,TUR,CHN,1.0
20020528,CHN,TUR,1.0
20020528,TUR,CHN,1.0
20020528,CHN,TUR,1.9
20020528,TUR,CHN,1.0
20020528,CHN,TUR,1.0
20020528,CHN,TUR,1.0
20020528,TUR,CHN,2.8
20020528,TUR,CHN,1.0
20020528,CHN,TUR,1.0
20020528,CHN,TUR,1.0
20020529,TUR,CHN,1.9
20020529,CHN,TUR,2.8
20020530,CHN,TUR,-0.4
20020531,CHN,TUR,1.0
20020531,TUR,CHN,3.4
20020531,CHN,TUR,3.5
20020531,TUR,CHN,3.4
20020531,TUR,CHN,3.4
20020531,CHN,TUR,0.0
20020531,CHN,TUR,0.0
20020601,CHN,TUR,1.0
20020601,TUR,CHN,1.9
20020601,CHN,TUR,2.8
20020601,CHN,TUR,2.8
20020601,CHN,TUR,1.0
20020601,TUR,CHN,1.0
20020601,CHN,TUR,1.0
20020601,CHN,TUR,0.0
20020601,CHN,TUR,2.8
20020601,TUR,CHN,1.0
20020601,TUR,CHN,1.9
20020601,TUR,CHN,1.9
20020602,TUR,CHN,2.8
20020602,CHN,TUR,1.9
20020606,TUR,CHN,0.0
20020606,TUR,CHN,0.0
20020613,CHN,TUR,1.0
20020613,TUR,CHN,1.0
20020613,TUR,CHN,1.0
20020613,TUR,CHN,1.0
20020613,TUR,CHN,1.0
20020613,TUR,CHN,4.0
20020613,TUR,CHN,4.0
20020613,CHN,TUR,1.0
20020613,CHN,TUR,1.0
20020613,TUR,CHN,1.0
20020613,TUR,CHN,1.0
20020613,CHN,TUR,1.0
20020613,CHN,TUR,1.0
20020620,CHN,TUR,4.0
20020620,TUR,CHN,2.8
20020620,TUR,CHN,2.8
20020620,CHN,TUR,4.0
20020620,TUR,CHN,2.8
20020620,TUR,CHN,2.8
20020620,CHN,TUR,0.0
20020620,TUR,CHN,4.0
20020620,TUR,CHN,2.8
20020620,CHN,TUR,1.9
20020620,CHN,TUR,1.9
20020620,CHN,TUR,1.9
20020620,TUR,CHN,4.0
20020620,CHN,TUR,0.0
20020620,TUR,CHN,2.8
20020620,CHN,TUR,1.9
20020620,CHN,TUR,0.0
20020620,TUR,CHN,2.8
20020620,CHN,TUR,1.9
20020620,TUR,CHN,2.8
20020701,CHN,TUR,-5.0
20020701,CHN,TUR,-5.0
20020704,TUR,CHN,1.9
20020704,CHN,TUR,2.8
20020704,CHN,TUR,2.8
20020704,TUR,CHN,1.0
20020704,TUR,CHN,1.9
20020704,CHN,TUR,1.0
20020710,TUR,CHN,1.9
20020710,CHN,TUR,1.9
20020710,TUR,CHN,1.9
20020710,TUR,CHN,2.8
20020710,CHN,TUR,2.8
20020710,CHN,TUR,1.9
20020710,CHN,TUR,2.8
20020710,CHN,TUR,1.9
20020710,CHN,TUR,1.9
20020710,TUR,CHN,2.8
20020710,CHN,TUR,1.9
20020710,TUR,CHN,2.8
20020710,CHN,TUR,2.8
20020710,TUR,CHN,2.8
20020710,TUR,CHN,1.9
20020710,TUR,CHN,2.8
20020712,TUR,CHN,2.8
20020712,TUR,CHN,2.8
20020712,TUR,CHN,2.8
20020712,CHN,TUR,1.9
20020712,CHN,TUR,1.9
20020712,CHN,TUR,1.9
20020729,TUR,CHN,3.4
20020729,TUR,CHN,3.4
20020807,CHN,TUR,1.9
20020807,TUR,CHN,2.8
20020807,TUR,CHN,2.8
20020807,CHN,TUR,1.9
20020807,TUR,CHN,2.8
20020807,CHN,TUR,1.9
20020813,CHN,TUR,-5.0
20020813,CHN,TUR,-5.0
20020813,CHN,TUR,-5.0
20020818,CHN,TUR,1.9
20020818,CHN,TUR,1.9
20020818,TUR,CHN,2.8
20020818,TUR,CHN,2.8
20020818,TUR,CHN,2.8
20020818,CHN,TUR,1.9
20020818,CHN,TUR,1.9
20020818,TUR,CHN,2.8
20020825,TUR,CHN,-4.0
20020928,TUR,CHN,1.9
20020928,CHN,TUR,2.8
20021022,TUR,CHN,0.0
20021022,TUR,CHN,0.0
20021209,TUR,CHN,-10.0
20021209,TUR,CHN,-10.0
20021220,TUR,CHN,1.0
20021220,CHN,TUR,1.0
20021220,TUR,CHN,1.0
20021220,CHN,TUR,1.0
20021222,TUR,CHN,6.4
20021225,CHN,TUR,4.0
20021225,CHN,TUR,4.0
20021225,CHN,TUR,4.0
20021225,CHN,TUR,4.0
20021226,TUR,CHN,4.0
20021226,TUR,CHN,4.0
20030101,TUR,CHN,4.0
20030110,TUR,CHN,1.9
20030110,CHN,TUR,2.8
20030110,TUR,CHN,1.9
20030110,TUR,CHN,1.9
20030110,CHN,TUR,2.8
20030110,CHN,TUR,2.8
20030113,TUR,CHN,1.9
20030113,TUR,CHN,1.9
20030113,CHN,TUR,2.8
20030113,TUR,CHN,1.9
20030113,CHN,TUR,2.8
20030113,CHN,TUR,2.8
20030113,CHN,TUR,2.8
20030114,CHN,TUR,3.4
20030114,CHN,TUR,3.4
20030114,CHN,TUR,3.4
20030114,CHN,TUR,7.0
20030114,CHN,TUR,3.4
20030114,CHN,TUR,1.0
20030114,TUR,CHN,1.0
20030114,TUR,CHN,1.9
20030114,CHN,TUR,7.0
20030114,CHN,TUR,2.8
20030114,CHN,TUR,1.0
20030114,CHN,TUR,3.4
20030114,TUR,CHN,4.0
20030114,CHN,TUR,1.0
20030114,TUR,CHN,1.0
20030114,CHN,TUR,1.0
20030114,CHN,TUR,3.4
20030114,TUR,CHN,4.0
20030114,TUR,CHN,1.0
20030114,CHN,TUR,2.8
20030114,CHN,TUR,0.4
20030114,TUR,CHN,1.0
20030114,TUR,CHN,0.0
20030114,CHN,TUR,3.4
20030114,CHN,TUR,1.0
20030114,TUR,CHN,7.0
20030114,TUR,CHN,7.0
20030114,TUR,CHN,4.0
20030114,CHN,TUR,3.4
20030114,CHN,TUR,1.0
20030114,TUR,CHN,1.0
20030114,TUR,CHN,7.0
20030114,TUR,CHN,1.0
20030114,TUR,CHN,1.0
20030114,CHN,TUR,4.0
20030114,CHN,TUR,3.4
20030114,TUR,CHN,1.0
20030114,CHN,TUR,1.0
20030114,CHN,TUR,1.0
20030114,CHN,TUR,1.0
20030114,TUR,CHN,1.9
20030114,CHN,TUR,7.0
20030114,TUR,CHN,0.0
20030114,TUR,CHN,1.0
20030114,CHN,TUR,2.8
20030114,TUR,CHN,7.0
20030114,CHN,TUR,4.0
20030114,CHN,TUR,2.8
20030114,CHN,TUR,4.0
20030114,CHN,TUR,0.4
20030114,CHN,TUR,1.0
20030114,TUR,CHN,4.0
20030114,CHN,TUR,1.0
20030114,TUR,CHN,4.0
20030114,TUR,CHN,4.0
20030114,TUR,CHN,1.9
20030114,CHN,TUR,4.0
20030114,TUR,CHN,1.0
20030114,CHN,TUR,3.4
20030114,CHN,TUR,4.0
20030114,TUR,CHN,0.0
20030114,TUR,CHN,4.0
20030114,CHN,TUR,1.0
20030114,TUR,CHN,1.9
20030114,TUR,CHN,3.5
20030114,CHN,TUR,1.0
20030114,TUR,CHN,1.0
20030114,CHN,TUR,4.0
20030114,CHN,TUR,4.0
20030114,CHN,TUR,1.0
20030114,CHN,TUR,3.4
20030114,CHN,TUR,3.4
20030114,TUR,CHN,3.5
20030114,CHN,TUR,1.0
20030114,TUR,CHN,4.0
20030114,TUR,CHN,4.0
20030115,TUR,CHN,1.0
20030115,CHN,TUR,1.0
20030115,TUR,CHN,3.4
20030115,CHN,TUR,4.0
20030115,TUR,CHN,3.4
20030115,CHN,TUR,1.0
20030115,TUR,CHN,1.0
20030115,TUR,CHN,1.9
20030115,CHN,TUR,3.4
20030115,TUR,CHN,3.4
20030115,CHN,TUR,2.8
20030115,TUR,CHN,3.4
20030115,CHN,TUR,5.2
20030115,CHN,TUR,4.0
20030115,TUR,CHN,2.8
20030115,CHN,TUR,4.0
20030115,CHN,TUR,1.0
20030115,CHN,TUR,1.0
20030115,TUR,CHN,0.0
20030115,TUR,CHN,1.0
20030115,TUR,CHN,1.9
20030115,CHN,TUR,3.4
20030115,CHN,TUR,4.0
20030115,TUR,CHN,1.9
20030115,CHN,TUR,1.9
20030115,TUR,CHN,1.0
20030115,CHN,TUR,1.0
20030115,CHN,TUR,2.8
20030115,CHN,TUR,5.2
20030115,CHN,TUR,5.2
20030115,CHN,TUR,4.0
20030115,CHN,TUR,2.8
20030115,TUR,CHN,1.0
20030115,CHN,TUR,1.0
20030115,CHN,TUR,1.0
20030115,CHN,TUR,1.0
20030116,TUR,CHN,1.0
20030116,CHN,TUR,2.8
20030116,CHN,TUR,1.0
20030116,CHN,TUR,2.8
20030116,TUR,CHN,1.9
20030116,CHN,TUR,1.0
20030116,TUR,CHN,3.0
20030116,TUR,CHN,1.9
20030116,TUR,CHN,3.0
20030116,TUR,CHN,1.0
20030116,TUR,CHN,1.0
20030116,TUR,CHN,3.0
20030118,TUR,CHN,1.9
20030118,CHN,TUR,4.0
20030118,TUR,CHN,1.9
20030118,CHN,TUR,2.8
20030118,CHN,TUR,4.0
20030118,CHN,TUR,2.8
20030118,TUR,CHN,1.9
20030120,TUR,CHN,6.4
20030120,TUR,CHN,6.4
20030123,CHN,TUR,4.0
20030123,CHN,TUR,4.0
20030123,TUR,CHN,1.0
20030123,CHN,TUR,1.0
20030123,CHN,TUR,0.4
20030123,CHN,TUR,0.4
20030130,TUR,CHN,-5.0
20030130,TUR,CHN,-5.0
20030130,TUR,CHN,-5.0
20030130,TUR,CHN,-5.0
20030130,TUR,CHN,-5.0
20030204,CHN,TUR,3.5
20030204,TUR,CHN,3.5
20030204,CHN,TUR,3.5
20030204,TUR,CHN,3.5
20030212,CHN,TUR,6.4
20030417,TUR,CHN,0.4
20030417,TUR,CHN,0.4
20030417,TUR,CHN,0.4
20030417,TUR,CHN,6.4
20030417,CHN,TUR,6.4
20030417,TUR,CHN,3.0
20030417,TUR,CHN,-10.0
20030417,TUR,CHN,-10.0
20030510,TUR,CHN,-10.0
20030513,TUR,CHN,2.8
20030513,CHN,TUR,1.0
20030513,TUR,CHN,2.8
20030513,CHN,TUR,1.0
20030513,CHN,TUR,1.9
20030513,TUR,CHN,1.0
20030513,TUR,CHN,1.0
20030513,CHN,TUR,1.9
20030514,TUR,CHN,-4.0
20030514,CHN,TUR,-4.0
20030514,TUR,CHN,-4.0
20030523,TUR,CHN,-5.0
20030527,CHN,TUR,-2.0
20030527,TUR,CHN,-2.0
20030527,TUR,CHN,-2.0
20030527,TUR,CHN,-2.0
20030527,TUR,CHN,-2.0
20030527,TUR,CHN,-2.0
20030527,CHN,TUR,-2.0
20030527,CHN,TUR,-2.0
20030626,TUR,CHN,3.0
20030626,TUR,CHN,3.0
20030626,TUR,CHN,3.0
20030722,CHN,TUR,2.8
20030722,TUR,CHN,1.9
20030722,CHN,TUR,2.8
20030722,TUR,CHN,1.9
20030813,TUR,CHN,-4.0
20030813,TUR,CHN,-4.0
20030813,CHN,TUR,5.0
20030813,TUR,CHN,-4.0
20030813,TUR,CHN,-4.0
20030813,TUR,CHN,-4.0
20030813,TUR,CHN,-4.0
20030813,TUR,CHN,-4.0
20030825,CHN,TUR,3.4
20030825,CHN,TUR,6.0
20030825,CHN,TUR,3.4
20030825,CHN,TUR,6.0
20030826,CHN,TUR,6.4
20030826,TUR,CHN,3.4
20030826,CHN,TUR,8.0
20030826,TUR,CHN,6.4
20030826,TUR,CHN,6.4
20030826,TUR,CHN,3.4
20030826,TUR,CHN,6.4
20030826,TUR,CHN,8.0
20030826,TUR,CHN,8.0
20030826,TUR,CHN,6.4
20030826,TUR,CHN,3.4
20030826,TUR,CHN,6.4
20030826,TUR,CHN,6.0
20030826,CHN,TUR,5.2
20030826,TUR,CHN,6.0
20030826,TUR,CHN,5.2
20030827,TUR,CHN,6.4
20030827,TUR,CHN,6.4
20030827,TUR,CHN,3.5
20030827,TUR,CHN,3.5
20030904,CHN,TUR,2.8
20030904,CHN,TUR,1.0
20030904,TUR,CHN,7.0
20030904,TUR,CHN,1.9
20030904,TUR,CHN,1.0
20030904,CHN,TUR,1.0
20030904,CHN,TUR,7.0
20030904,TUR,CHN,1.0
20030904,CHN,TUR,7.0
20030908,CHN,TUR,-5.0
20030908,CHN,TUR,-5.0
20030908,CHN,TUR,-5.0
20030912,TUR,CHN,8.0
20030912,CHN,TUR,8.0
20030912,CHN,TUR,8.0
20030912,TUR,CHN,8.0
20030914,TUR,CHN,7.0
20030914,CHN,TUR,7.0
20031022,TUR,CHN,7.0
20031022,CHN,TUR,7.0
20031103,TUR,CHN,1.0
20031103,TUR,CHN,0.0
20031103,TUR,CHN,0.0
20031103,CHN,TUR,1.0
20031110,TUR,CHN,6.0
20031110,TUR,CHN,6.0
20031111,CHN,TUR,-9.0
20031116,CHN,TUR,3.4
20031116,CHN,TUR,1.0
20031116,CHN,TUR,-2.0
20031116,CHN,TUR,-2.0
20031116,TUR,CHN,-2.0
20031116,CHN,TUR,-2.0
20031116,CHN,TUR,-2.0
20031116,CHN,TUR,-2.0
20031116,CHN,TUR,-2.0
20031116,CHN,TUR,-2.0
20031116,CHN,TUR,3.4
20031116,CHN,TUR,1.0
20031116,CHN,TUR,3.4
20031116,CHN,TUR,3.4
20031116,CHN,TUR,-10.0
20031116,CHN,TUR,1.0
20031116,CHN,TUR,1.0
20031116,CHN,TUR,-10.0
20031116,CHN,TUR,-10.0
20031117,CHN,TUR,-2.0
20031120,CHN,TUR,-2.0
20031120,CHN,TUR,-2.0
20031120,CHN,TUR,-10.0
20031120,CHN,TUR,-2.0
20031121,TUR,CHN,3.4
20031121,TUR,CHN,0.0
20031121,TUR,CHN,3.4
20031121,TUR,CHN,3.4
20031121,CHN,TUR,0.0
20031121,CHN,TUR,2.8
20031121,TUR,CHN,1.9
20031121,CHN,TUR,2.8
20031121,CHN,TUR,2.8
20031121,TUR,CHN,0.0
20031121,TUR,CHN,0.0
20031121,TUR,CHN,1.9
20031121,TUR,CHN,3.4
20031121,CHN,TUR,0.0
20031121,CHN,TUR,-0.4
20031121,TUR,CHN,1.9
20031121,CHN,TUR,2.8
20031122,CHN,TUR,-10.0
20031122,CHN,TUR,2.8
20031122,CHN,TUR,-10.0
20031122,TUR,CHN,1.9
20031122,TUR,CHN,0.0
20031122,CHN,TUR,-10.0
20031126,CHN,TUR,-2.0
20031201,TUR,CHN,3.4
20031204,CHN,TUR,1.0
20031204,CHN,TUR,1.0
20031204,CHN,TUR,-2.0
20031204,CHN,TUR,1.9
20031204,TUR,CHN,-2.0
20031204,TUR,CHN,1.0
20031204,TUR,CHN,2.8
20031204,TUR,CHN,-2.0
20031204,CHN,TUR,1.0
20031204,CHN,TUR,1.0
20031204,CHN,TUR,-2.0
20031204,TUR,CHN,-2.0
20031204,CHN,TUR,1.0
20031204,CHN,TUR,4.0
20031204,TUR,CHN,1.0
20031204,TUR,CHN,1.0
20040105,TUR,CHN,3.5
20040105,TUR,CHN,3.5
20040114,CHN,TUR,3.0
20040114,CHN,TUR,3.0
20040229,CHN,TUR,1.9
20040229,CHN,TUR,1.9
20040229,TUR,CHN,2.8
20040229,TUR,CHN,2.8
20040308,TUR,CHN,0.0
20040308,TUR,CHN,0.0
20040316,TUR,CHN,-10.0
20040316,TUR,CHN,-10.0
20040316,TUR,CHN,-10.0
20040316,TUR,CHN,-10.0
20040316,CHN,TUR,0.0
20040316,TUR,CHN,-10.0
20040316,TUR,CHN,-10.0
20040316,TUR,CHN,-10.0
20040316,TUR,CHN,0.0
20040317,CHN,TUR,3.0
20040317,TUR,CHN,-5.0
20040317,TUR,CHN,-5.0
20040317,CHN,TUR,3.0
20040317,TUR,CHN,-5.0
20040318,TUR,CHN,-10.0
20040416,TUR,CHN,5.0
20040427,CHN,TUR,6.4
20040427,TUR,CHN,6.4
20040427,TUR,CHN,6.4
20040427,CHN,TUR,6.4
20040427,CHN,TUR,-2.0
20040526,TUR,CHN,3.4
20040603,TUR,CHN,1.0
20040603,CHN,TUR,7.0
20040603,CHN,TUR,-0.4
20040603,CHN,TUR,3.5
20040603,TUR,CHN,0.0
20040603,TUR,CHN,3.5
20040603,CHN,TUR,-0.4
20040603,CHN,TUR,1.0
20040603,CHN,TUR,2.8
20040603,TUR,CHN,7.0
20040603,TUR,CHN,4.0
20040603,CHN,TUR,2.8
20040603,TUR,CHN,0.0
20040603,TUR,CHN,3.5
20040603,CHN,TUR,7.0
20040603,CHN,TUR,3.5
20040603,CHN,TUR,3.5
20040603,TUR,CHN,0.0
20040603,CHN,TUR,-0.4
20040603,TUR,CHN,3.5
20040603,TUR,CHN,3.0
20040603,CHN,TUR,7.0
20040603,TUR,CHN,4.0
20040603,TUR,CHN,1.9
20040603,TUR,CHN,7.0
20040603,TUR,CHN,4.0
20040603,TUR,CHN,1.9
20040603,TUR,CHN,4.0
20040603,TUR,CHN,3.0
20040603,TUR,CHN,7.0
20040603,CHN,TUR,-0.4
20040603,TUR,CHN,3.0
20040603,TUR,CHN,3.5
20040603,CHN,TUR,3.5
20040603,TUR,CHN,3.0
20040603,TUR,CHN,1.0
20040603,TUR,CHN,3.5
20040603,TUR,CHN,1.9
20040603,CHN,TUR,2.8
20040603,TUR,CHN,1.9
20040603,CHN,TUR,7.0
20040603,TUR,CHN,3.0
20040603,TUR,CHN,0.0
20040603,CHN,TUR,2.8
20040604,CHN,TUR,1.0
20040604,CHN,TUR,7.0
20040604,CHN,TUR,4.0
20040604,CHN,TUR,1.0
20040604,CHN,TUR,4.0
20040604,TUR,CHN,1.0
20040604,TUR,CHN,1.0
20040604,CHN,TUR,1.0
20040604,TUR,CHN,7.0
20040604,CHN,TUR,7.0
20040604,TUR,CHN,1.0
20040604,TUR,CHN,7.0
20040611,TUR,CHN,2.5
20040611,CHN,TUR,2.5
20040611,CHN,TUR,2.5
20040611,TUR,CHN,2.5
20040614,CHN,TUR,1.0
20040614,TUR,CHN,2.5
20040614,TUR,CHN,2.5
20040614,TUR,CHN,1.0
20040614,TUR,CHN,1.0
20040614,TUR,CHN,2.5
20040614,CHN,TUR,2.5
20040614,CHN,TUR,1.0
20040614,TUR,CHN,1.0
20040614,TUR,CHN,1.0
20040614,CHN,TUR,1.0
20040625,CHN,TUR,4.0
20040625,CHN,TUR,4.0
20040625,CHN,TUR,1.9
20040625,TUR,CHN,4.0
20040625,TUR,CHN,4.0
20040625,TUR,CHN,2.8
20040625,CHN,TUR,4.0
20040625,TUR,CHN,4.0
20040713,TUR,CHN,6.4
20040810,TUR,CHN,-10.0
20041104,CHN,TUR,4.0
20041104,CHN,TUR,4.0
20041114,TUR,CHN,2.8
20041114,CHN,TUR,1.9
20041114,TUR,CHN,2.8
20041114,CHN,TUR,1.9
20041119,TUR,CHN,1.0
20041119,CHN,TUR,1.9
20041119,TUR,CHN,1.0
20041119,CHN,TUR,2.8
20041119,CHN,TUR,1.0
20041119,CHN,TUR,1.0
20041119,CHN,TUR,1.0
20041119,TUR,CHN,2.8
20041119,CHN,TUR,1.0
20041119,TUR,CHN,1.9
20041119,CHN,TUR,1.0
20041119,CHN,TUR,1.0
20041122,CHN,TUR,1.9
20041122,CHN,TUR,1.9
20041122,CHN,TUR,1.9
20041122,TUR,CHN,2.8
20041122,TUR,CHN,2.8
20041122,CHN,TUR,1.9
20041125,CHN,TUR,1.9
20041125,TUR,CHN,2.8
20041125,CHN,TUR,1.9
20041125,TUR,CHN,2.8
20041125,TUR,CHN,2.8
20041125,CHN,TUR,1.9
20041125,TUR,CHN,2.8
20041125,CHN,TUR,1.9
20041210,CHN,TUR,1.0
20041210,TUR,CHN,1.9
20041210,TUR,CHN,1.0
20041210,CHN,TUR,2.8
20041210,TUR,CHN,1.0
20041210,TUR,CHN,1.9
20041210,CHN,TUR,3.4
20041210,CHN,TUR,3.4
20041210,CHN,TUR,2.8
20041210,CHN,TUR,2.8
20041210,CHN,TUR,1.0
20041210,CHN,TUR,3.4
20041210,TUR,CHN,1.9
20041222,TUR,CHN,6.4
20041222,TUR,CHN,6.4
20050122,CHN,TUR,5.2
20050122,TUR,CHN,4.0
20050127,TUR,CHN,0.0
20050127,TUR,CHN,0.0
20050131,CHN,TUR,2.8
20050131,TUR,CHN,1.9
20050131,CHN,TUR,-0.4
20050201,TUR,CHN,7.0
20050201,TUR,CHN,6.0
20050201,TUR,CHN,1.9
20050201,TUR,CHN,1.9
20050201,CHN,TUR,2.8
20050201,CHN,TUR,6.0
20050201,CHN,TUR,6.0
20050201,CHN,TUR,7.0
20050201,TUR,CHN,7.0
20050201,CHN,TUR,7.0
20050201,CHN,TUR,2.8
20050201,CHN,TUR,2.8
20050202,CHN,TUR,1.0
20050202,CHN,TUR,1.9
20050202,CHN,TUR,1.0
20050202,TUR,CHN,3.4
20050202,TUR,CHN,2.8
20050202,CHN,TUR,1.0
20050202,CHN,TUR,1.9
20050202,TUR,CHN,1.0
20050202,CHN,TUR,7.0
20050202,TUR,CHN,2.8
20050202,TUR,CHN,3.4
20050202,CHN,TUR,1.0
20050202,TUR,CHN,3.4
20050202,CHN,TUR,2.8
20050202,TUR,CHN,7.0
20050202,CHN,TUR,-0.4
20050202,TUR,CHN,1.0
20050202,CHN,TUR,3.2
20050202,TUR,CHN,1.9
20050202,CHN,TUR,1.0
20050202,CHN,TUR,7.0
20050202,TUR,CHN,2.8
20050202,TUR,CHN,3.4
20050202,CHN,TUR,1.9
20050202,CHN,TUR,3.2
20050202,TUR,CHN,7.0
20050205,TUR,CHN,2.8
20050205,CHN,TUR,1.9
20050205,TUR,CHN,2.8
20050205,CHN,TUR,1.9
20050206,TUR,CHN,1.9
20050206,CHN,TUR,2.8
20050206,CHN,TUR,2.8
20050206,TUR,CHN,1.9
20050207,TUR,CHN,0.0
20050207,TUR,CHN,3.2
20050208,TUR,CHN,4.0
20050208,TUR,CHN,4.0
20050208,TUR,CHN,4.0
20050208,TUR,CHN,4.0
20050317,TUR,CHN,0.0
20050317,TUR,CHN,0.0
20050317,TUR,CHN,3.4
20050403,CHN,TUR,2.8
20050403,TUR,CHN,1.9
20050403,CHN,TUR,2.8
20050403,TUR,CHN,1.9
20050403,TUR,CHN,1.9
20050403,CHN,TUR,2.8
20050404,TUR,CHN,7.0
20050404,TUR,CHN,0.0
20050404,CHN,TUR,7.0
20050404,CHN,TUR,2.8
20050404,CHN,TUR,1.0
20050404,CHN,TUR,1.0
20050404,TUR,CHN,1.0
20050404,TUR,CHN,7.0
20050404,TUR,CHN,1.9
20050404,TUR,CHN,0.0
20050404,CHN,TUR,2.8
20050404,TUR,CHN,1.9
20050404,TUR,CHN,1.9
20050404,CHN,TUR,7.0
20050404,TUR,CHN,1.0
20050404,CHN,TUR,2.8
20050415,TUR,CHN,4.0
20050415,CHN,TUR,2.8
20050415,CHN,TUR,2.8
20050415,CHN,TUR,2.8
20050415,TUR,CHN,1.9
20050415,TUR,CHN,1.9
20050415,TUR,CHN,1.9
20050415,TUR,CHN,4.0
20050418,CHN,TUR,4.0
20050418,CHN,TUR,4.0
20050422,CHN,TUR,-9.5
20050422,CHN,TUR,-9.5
20050422,CHN,TUR,-9.5
20050422,CHN,TUR,-9.5
20050423,CHN,TUR,-9.5
20050423,CHN,TUR,-9.5
20050428,CHN,TUR,4.0
20050428,TUR,CHN,4.0
20050428,TUR,CHN,4.0
20050428,CHN,TUR,4.0
20050506,TUR,CHN,3.4
20050506,TUR,CHN,-4.0
20050515,CHN,TUR,1.0
20050515,TUR,CHN,2.8
20050515,CHN,TUR,1.0
20050515,CHN,TUR,1.9
20050515,TUR,CHN,1.0
20050524,CHN,TUR,-9.0
20050524,TUR,CHN,-9.0
20050524,TUR,CHN,-9.0
20050524,CHN,TUR,-9.0
20050524,CHN,TUR,-9.0
20050524,TUR,CHN,-9.0
20050524,CHN,TUR,-9.0
20050524,CHN,TUR,-9.0
20050524,CHN,TUR,7.0
20050524,CHN,TUR,-9.0
20050524,CHN,TUR,-9.0
20050524,CHN,TUR,7.0
20050524,TUR,CHN,-9.0
20050524,CHN,TUR,7.0
20050525,CHN,TUR,-9.0
20050525,CHN,TUR,-9.0
20050525,CHN,TUR,-9.0
20050526,CHN,TUR,7.0
20050526,TUR,CHN,1.0
20050526,TUR,CHN,7.0
20050526,TUR,CHN,1.0
20050526,CHN,TUR,7.0
20050526,CHN,TUR,1.0
20050530,CHN,TUR,1.9
20050530,CHN,TUR,1.9
20050530,TUR,CHN,2.8
20050530,TUR,CHN,2.8
20050530,CHN,TUR,1.9
20050530,TUR,CHN,2.8
20050531,CHN,TUR,1.0
20050531,TUR,CHN,1.0
20050602,CHN,TUR,4.0
20050608,TUR,CHN,-4.0
20050608,CHN,TUR,2.8
20050608,CHN,TUR,2.8
20050608,TUR,CHN,1.9
20050608,TUR,CHN,1.9
20050608,TUR,CHN,-4.0
20050722,TUR,CHN,1.0
20050722,TUR,CHN,1.0
20050722,TUR,CHN,1.0
20050722,CHN,TUR,1.0
20050722,CHN,TUR,1.0
20050722,CHN,TUR,1.0
20050801,CHN,TUR,-5.0
20050801,CHN,TUR,-5.0
20050810,CHN,TUR,6.4
20050905,TUR,CHN,1.0
20050905,TUR,CHN,1.0
20050905,TUR,CHN,1.0
20050905,CHN,TUR,1.0
20050905,CHN,TUR,1.0
20050905,CHN,TUR,1.0
20051001,TUR,CHN,-6.5
20051001,TUR,CHN,-2.0
20051001,TUR,CHN,-6.5
20051001,TUR,CHN,-2.0
20051004,TUR,CHN,-4.0
20051004,TUR,CHN,-4.0
20051009,CHN,TUR,5.2
20051010,TUR,CHN,7.0
20051017,TUR,CHN,3.5
20051017,TUR,CHN,3.5
20051017,CHN,TUR,3.5
20051017,TUR,CHN,0.4
20051017,TUR,CHN,0.4
20051017,TUR,CHN,3.5
20051017,CHN,TUR,3.5
20051017,CHN,TUR,3.5
20051109,TUR,CHN,7.0
20051109,CHN,TUR,2.8
20051109,CHN,TUR,7.0
20051109,TUR,CHN,1.9
20051116,TUR,CHN,2.8
20051116,CHN,TUR,1.9
20051124,CHN,TUR,3.4
20051124,CHN,TUR,3.4
20051124,CHN,TUR,3.4
20051201,CHN,TUR,8.0
20051201,CHN,TUR,8.0
20051201,TUR,CHN,8.0
20051201,TUR,CHN,8.0
20051201,TUR,CHN,8.0
20051201,CHN,TUR,8.0
20051222,TUR,CHN,6.4
20051225,TUR,CHN,2.8
20051225,CHN,TUR,1.9
20051225,CHN,TUR,2.8
20051225,CHN,TUR,2.8
20051225,TUR,CHN,1.9
20051225,TUR,CHN,-2.0
20051225,TUR,CHN,1.9
20051225,TUR,CHN,2.8
20051225,TUR,CHN,1.9
20051225,CHN,TUR,1.9
20051226,CHN,TUR,2.8
20051226,TUR,CHN,1.9
20051226,TUR,CHN,1.0
20051226,TUR,CHN,1.0
